network_seed,random_distance_increase,high_use_distance_increase,random_reachable,high_use_reachable
0,12.645161290322578,43.01075268817205,100.0,100.0
1,8.666666666666666,30.476190476190467,100.0,100.0
2,9.653061224489798,38.333333333333314,100.0,60.0
3,8.419354838709669,43.548387096774185,100.0,100.0
4,12.584269662921345,62.92134831460673,100.0,100.0
5,7.865384615384612,48.07692307692308,100.0,100.0
6,10.759999999999994,49.99999999999999,100.0,100.0
7,12.387096774193544,16.279069767441857,100.0,46.666666666666664
8,7.285714285714284,33.92857142857142,100.0,100.0
9,8.378947368421057,51.578947368421055,100.0,100.0
