roads_closed,seed,distance_increase_percentage,reachable_percentage
1,0,5.2632,100.0
1,1,0.0,100.0
1,2,0.0,100.0
1,3,2.6316,100.0
1,4,2.6316,100.0
1,5,0.0,100.0
1,6,0.0,100.0
1,7,0.0,100.0
1,8,1.3158,100.0
1,9,0.0,100.0
1,10,0.0,100.0
1,11,0.0,100.0
1,12,0.0,100.0
1,13,0.0,100.0
1,14,1.3158,100.0
1,15,0.0,100.0
1,16,0.0,100.0
1,17,0.0,100.0
1,18,7.8947,100.0
1,19,5.2632,100.0
1,20,10.5263,100.0
1,21,0.0,100.0
1,22,10.5263,100.0
1,23,26.3158,100.0
1,24,0.0,100.0
1,25,0.0,100.0
1,26,0.0,100.0
1,27,0.0,100.0
1,28,0.0,100.0
1,29,0.0,100.0
1,30,0.0,100.0
1,31,14.4737,100.0
1,32,0.0,100.0
1,33,0.0,100.0
1,34,0.0,100.0
1,35,0.0,100.0
1,36,0.0,100.0
1,37,5.2632,100.0
1,38,0.0,100.0
1,39,0.0,100.0
1,40,0.0,100.0
1,41,0.0,100.0
1,42,0.0,100.0
1,43,0.0,100.0
1,44,0.0,100.0
1,45,0.0,100.0
1,46,0.0,100.0
1,47,5.2632,100.0
1,48,0.0,100.0
1,49,0.0,100.0
1,50,0.0,100.0
1,51,2.6316,100.0
1,52,0.0,100.0
1,53,0.0,100.0
1,54,10.5263,100.0
1,55,1.3158,100.0
1,56,5.2632,100.0
1,57,0.0,100.0
1,58,0.0,100.0
1,59,1.3158,100.0
1,60,0.0,100.0
1,61,0.0,100.0
1,62,26.3158,100.0
1,63,0.0,100.0
1,64,0.0,100.0
1,65,0.0,100.0
1,66,0.0,100.0
1,67,0.0,100.0
1,68,0.0,100.0
1,69,5.2632,100.0
1,70,10.5263,100.0
1,71,0.0,100.0
1,72,0.0,100.0
1,73,0.0,100.0
1,74,0.0,100.0
1,75,0.0,100.0
1,76,0.0,100.0
1,77,0.0,100.0
1,78,3.9474,100.0
1,79,2.6316,100.0
1,80,0.0,100.0
1,81,5.2632,100.0
1,82,2.6316,100.0
1,83,0.0,100.0
1,84,0.0,100.0
1,85,3.9474,100.0
1,86,0.0,100.0
1,87,2.6316,100.0
1,88,0.0,100.0
1,89,1.3158,100.0
1,90,0.0,100.0
1,91,1.3158,100.0
1,92,0.0,100.0
1,93,10.5263,100.0
1,94,0.0,100.0
1,95,6.5789,100.0
1,96,0.0,100.0
1,97,3.9474,100.0
1,98,5.2632,100.0
1,99,0.0,100.0
2,0,5.2632,100.0
2,1,0.0,100.0
2,2,5.2632,100.0
2,3,2.6316,100.0
2,4,2.6316,100.0
2,5,0.0,100.0
2,6,0.0,100.0
2,7,5.2632,100.0
2,8,1.3158,100.0
2,9,0.0,100.0
2,10,0.0,100.0
2,11,0.0,100.0
2,12,0.0,100.0
2,13,0.0,100.0
2,14,1.3158,100.0
2,15,14.4737,100.0
2,16,0.0,100.0
2,17,0.0,100.0
2,18,7.8947,100.0
2,19,5.2632,100.0
2,20,15.7895,100.0
2,21,0.0,100.0
2,22,10.5263,100.0
2,23,26.3158,100.0
2,24,0.0,100.0
2,25,0.0,100.0
2,26,10.5263,100.0
2,27,0.0,100.0
2,28,0.0,100.0
2,29,0.0,100.0
2,30,0.0,100.0
2,31,14.4737,100.0
2,32,26.3158,100.0
2,33,0.0,100.0
2,34,5.2632,100.0
2,35,0.0,100.0
2,36,5.2632,100.0
2,37,5.2632,100.0
2,38,0.0,100.0
2,39,0.0,100.0
2,40,0.0,100.0
2,41,0.0,100.0
2,42,0.0,100.0
2,43,0.0,100.0
2,44,0.0,100.0
2,45,0.0,100.0
2,46,0.0,100.0
2,47,5.2632,100.0
2,48,0.0,100.0
2,49,5.2632,100.0
2,50,5.2632,100.0
2,51,2.6316,100.0
2,52,5.2632,100.0
2,53,5.2632,100.0
2,54,10.5263,100.0
2,55,5.2632,100.0
2,56,5.2632,100.0
2,57,0.0,100.0
2,58,3.9474,100.0
2,59,2.6316,100.0
2,60,0.0,100.0
2,61,7.8947,100.0
2,62,26.3158,100.0
2,63,0.0,100.0
2,64,0.0,100.0
2,65,0.0,100.0
2,66,0.0,100.0
2,67,0.0,100.0
2,68,0.0,100.0
2,69,5.2632,100.0
2,70,10.5263,100.0
2,71,5.2632,100.0
2,72,0.0,100.0
2,73,0.0,100.0
2,74,0.0,100.0
2,75,0.0,100.0
2,76,0.0,100.0
2,77,0.0,100.0
2,78,7.8947,100.0
2,79,2.6316,100.0
2,80,0.0,100.0
2,81,5.2632,100.0
2,82,2.6316,100.0
2,83,5.2632,100.0
2,84,0.0,100.0
2,85,3.9474,100.0
2,86,0.0,100.0
2,87,2.6316,100.0
2,88,3.9474,100.0
2,89,1.3158,100.0
2,90,0.0,100.0
2,91,1.3158,100.0
2,92,0.0,100.0
2,93,15.7895,100.0
2,94,7.8947,100.0
2,95,6.5789,100.0
2,96,0.0,100.0
2,97,3.9474,100.0
2,98,5.2632,100.0
2,99,0.0,100.0
3,0,11.8421,100.0
3,1,5.2632,100.0
3,2,10.5263,100.0
3,3,2.6316,100.0
3,4,3.9474,100.0
3,5,0.0,100.0
3,6,3.9474,100.0
3,7,5.2632,100.0
3,8,1.3158,100.0
3,9,0.0,100.0
3,10,0.0,100.0
3,11,0.0,100.0
3,12,0.0,100.0
3,13,5.2632,100.0
3,14,1.3158,100.0
3,15,14.4737,100.0
3,16,0.0,100.0
3,17,0.0,100.0
3,18,7.8947,100.0
3,19,5.2632,100.0
3,20,21.0526,100.0
3,21,0.0,100.0
3,22,13.1579,100.0
3,23,26.3158,100.0
3,24,0.0,100.0
3,25,34.2105,100.0
3,26,18.4211,100.0
3,27,0.0,100.0
3,28,0.0,100.0
3,29,5.2632,100.0
3,30,0.0,100.0
3,31,14.4737,100.0
3,32,30.2632,100.0
3,33,0.0,100.0
3,34,5.2632,100.0
3,35,6.5789,100.0
3,36,5.2632,100.0
3,37,6.5789,100.0
3,38,0.0,100.0
3,39,0.0,100.0
3,40,0.0,100.0
3,41,1.3158,100.0
3,42,5.2632,100.0
3,43,0.0,100.0
3,44,0.0,100.0
3,45,0.0,100.0
3,46,0.0,100.0
3,47,5.2632,100.0
3,48,1.3158,100.0
3,49,5.2632,100.0
3,50,5.2632,100.0
3,51,7.8947,100.0
3,52,5.2632,100.0
3,53,5.2632,100.0
3,54,10.5263,100.0
3,55,7.8947,100.0
3,56,21.0526,100.0
3,57,0.0,100.0
3,58,3.9474,100.0
3,59,28.9474,100.0
3,60,0.0,100.0
3,61,7.8947,100.0
3,62,34.2105,100.0
3,63,26.3158,100.0
3,64,0.0,100.0
3,65,5.2632,100.0
3,66,0.0,100.0
3,67,0.0,100.0
3,68,0.0,100.0
3,69,6.5789,100.0
3,70,10.5263,100.0
3,71,5.2632,100.0
3,72,0.0,100.0
3,73,5.2632,100.0
3,74,5.2632,100.0
3,75,0.0,100.0
3,76,0.0,100.0
3,77,0.0,100.0
3,78,9.2105,100.0
3,79,7.8947,100.0
3,80,0.0,100.0
3,81,5.2632,100.0
3,82,2.6316,100.0
3,83,5.2632,100.0
3,84,15.7895,100.0
3,85,3.9474,100.0
3,86,5.2632,100.0
3,87,6.5789,100.0
3,88,3.9474,100.0
3,89,1.3158,100.0
3,90,1.3158,100.0
3,91,9.2105,100.0
3,92,0.0,100.0
3,93,15.7895,100.0
3,94,7.8947,100.0
3,95,11.8421,100.0
3,96,10.5263,100.0
3,97,3.9474,100.0
3,98,5.2632,100.0
3,99,3.9474,100.0
4,0,14.4737,100.0
4,1,5.2632,100.0
4,2,10.5263,100.0
4,3,2.6316,100.0
4,4,3.9474,100.0
4,5,5.2632,100.0
4,6,5.2632,100.0
4,7,5.2632,100.0
4,8,1.3158,100.0
4,9,0.0,100.0
4,10,0.0,100.0
4,11,5.2632,100.0
4,12,0.0,100.0
4,13,15.7895,100.0
4,14,7.8947,100.0
4,15,14.4737,100.0
4,16,0.0,100.0
4,17,0.0,100.0
4,18,7.8947,100.0
4,19,15.7895,100.0
4,20,21.0526,100.0
4,21,0.0,100.0
4,22,18.4211,100.0
4,23,26.3158,100.0
4,24,0.0,100.0
4,25,44.7368,100.0
4,26,19.7368,100.0
4,27,0.0,100.0
4,28,0.0,100.0
4,29,5.2632,100.0
4,30,0.0,100.0
4,31,21.0526,100.0
4,32,32.8947,100.0
4,33,2.6316,100.0
4,34,10.5263,100.0
4,35,6.5789,100.0
4,36,5.2632,100.0
4,37,32.8947,100.0
4,38,6.5789,100.0
4,39,5.2632,100.0
4,40,0.0,100.0
4,41,1.3158,100.0
4,42,5.2632,100.0
4,43,6.5789,100.0
4,44,0.0,100.0
4,45,0.0,100.0
4,46,0.0,100.0
4,47,5.2632,100.0
4,48,1.3158,100.0
4,49,31.5789,100.0
4,50,5.2632,100.0
4,51,7.8947,100.0
4,52,5.2632,100.0
4,53,6.5789,100.0
4,54,22.3684,100.0
4,55,7.8947,100.0
4,56,21.0526,100.0
4,57,0.0,100.0
4,58,3.9474,100.0
4,59,28.9474,100.0
4,60,2.6316,100.0
4,61,23.6842,100.0
4,62,34.2105,100.0
4,63,26.3158,100.0
4,64,0.0,100.0
4,65,5.2632,100.0
4,66,26.3158,100.0
4,67,0.0,100.0
4,68,3.9474,100.0
4,69,6.5789,100.0
4,70,10.5263,100.0
4,71,5.2632,100.0
4,72,0.0,100.0
4,73,5.2632,100.0
4,74,5.2632,100.0
4,75,0.0,100.0
4,76,3.9474,100.0
4,77,3.9474,100.0
4,78,9.2105,100.0
4,79,7.8947,100.0
4,80,10.5263,100.0
4,81,9.2105,100.0
4,82,7.8947,100.0
4,83,6.5789,100.0
4,84,15.7895,100.0
4,85,7.8947,100.0
4,86,5.2632,100.0
4,87,7.8947,100.0
4,88,18.4211,100.0
4,89,1.3158,100.0
4,90,1.3158,100.0
4,91,14.4737,100.0
4,92,0.0,100.0
4,93,15.7895,100.0
4,94,11.8421,100.0
4,95,11.8421,100.0
4,96,15.7895,100.0
4,97,3.9474,100.0
4,98,5.2632,100.0
4,99,3.9474,100.0
5,0,14.4737,100.0
5,1,11.8421,100.0
5,2,10.5263,100.0
5,3,2.6316,100.0
5,4,7.8947,100.0
5,5,5.2632,100.0
5,6,5.2632,100.0
5,7,21.0526,100.0
5,8,3.9474,100.0
5,9,0.0,100.0
5,10,25.0,100.0
5,11,67.1053,100.0
5,12,5.2632,100.0
5,13,15.7895,100.0
5,14,7.8947,100.0
5,15,25.0,100.0
5,16,1.3158,100.0
5,17,0.0,100.0
5,18,7.8947,100.0
5,19,15.7895,100.0
5,20,21.0526,100.0
5,21,0.0,100.0
5,22,18.4211,100.0
5,23,36.8421,100.0
5,24,7.8947,100.0
5,25,65.7895,100.0
5,26,19.7368,100.0
5,27,0.0,100.0
5,28,0.0,100.0
5,29,10.5263,100.0
5,30,7.8947,100.0
5,31,21.0526,100.0
5,32,32.8947,100.0
5,33,6.5789,100.0
5,34,10.5263,100.0
5,35,6.5789,100.0
5,36,15.7895,100.0
5,37,32.8947,100.0
5,38,6.5789,100.0
5,39,28.9474,100.0
5,40,0.0,100.0
5,41,18.4211,100.0
5,42,5.2632,100.0
5,43,9.2105,100.0
5,44,0.0,100.0
5,45,1.3158,100.0
5,46,0.0,100.0
5,47,5.2632,100.0
5,48,1.3158,100.0
5,49,31.5789,100.0
5,50,5.2632,100.0
5,51,11.8421,100.0
5,52,10.5263,100.0
5,53,6.5789,100.0
5,54,22.3684,100.0
5,55,7.8947,100.0
5,56,21.0526,100.0
5,57,5.2632,100.0
5,58,3.9474,100.0
5,59,28.9474,100.0
5,60,2.6316,100.0
5,61,23.6842,100.0
5,62,40.7895,100.0
5,63,26.3158,100.0
5,64,0.0,100.0
5,65,6.5789,100.0
5,66,28.9474,100.0
5,67,0.0,100.0
5,68,14.4737,100.0
5,69,11.8421,100.0
5,70,10.5263,100.0
5,71,19.7368,100.0
5,72,7.8947,100.0
5,73,5.2632,100.0
5,74,5.2632,100.0
5,75,0.0,100.0
5,76,22.3684,100.0
5,77,6.5789,100.0
5,78,43.4211,100.0
5,79,10.5263,100.0
5,80,10.5263,100.0
5,81,9.2105,100.0
5,82,7.8947,100.0
5,83,6.5789,100.0
5,84,15.7895,100.0
5,85,9.2105,100.0
5,86,5.2632,100.0
5,87,7.8947,100.0
5,88,34.2105,100.0
5,89,1.3158,100.0
5,90,1.3158,100.0
5,91,19.7368,100.0
5,92,0.0,100.0
5,93,21.0526,100.0
5,94,11.8421,100.0
5,95,11.8421,100.0
5,96,15.7895,100.0
5,97,22.3684,100.0
5,98,5.2632,100.0
5,99,17.1053,100.0
6,0,14.4737,100.0
6,1,11.8421,100.0
6,2,10.5263,100.0
6,3,2.6316,100.0
6,4,7.8947,100.0
6,5,5.2632,100.0
6,6,11.8421,100.0
6,7,28.9474,100.0
6,8,3.9474,100.0
6,9,21.0526,100.0
6,10,69.7368,100.0
6,11,5.2632,100.0
6,12,15.7895,100.0
6,13,15.7895,100.0
6,14,7.8947,100.0
6,15,25.0,100.0
6,16,11.8421,100.0
6,17,0.0,100.0
6,18,10.5263,100.0
6,19,5.2632,100.0
6,20,23.6842,100.0
6,21,10.5263,100.0
6,22,18.4211,100.0
6,23,44.7368,100.0
6,24,22.3684,100.0
6,25,39.4737,100.0
6,26,19.7368,100.0
6,27,3.9474,100.0
6,28,0.0,100.0
6,29,14.4737,100.0
6,30,7.8947,100.0
6,31,23.6842,100.0
6,32,6.5789,100.0
6,33,11.8421,100.0
6,34,14.4737,100.0
6,35,23.6842,100.0
6,36,7.8947,100.0
6,37,6.5789,100.0
6,38,7.8947,100.0
6,39,31.5789,100.0
6,40,2.6316,100.0
6,41,35.5263,100.0
6,42,7.8947,100.0
6,43,9.2105,100.0
6,44,0.0,100.0
6,45,1.3158,100.0
6,46,0.0,100.0
6,47,5.2632,100.0
6,48,40.7895,100.0
6,49,11.8421,100.0
6,50,7.8947,100.0
6,51,60.5263,100.0
6,52,10.5263,100.0
6,53,6.5789,100.0
6,54,22.3684,100.0
6,55,7.8947,100.0
6,56,21.0526,100.0
6,57,13.1579,100.0
6,58,18.4211,100.0
6,59,9.2105,100.0
6,60,3.9474,100.0
6,61,23.6842,100.0
6,62,43.4211,100.0
6,63,26.3158,100.0
6,64,0.0,100.0
6,65,17.1053,100.0
6,66,2.6316,100.0
6,67,0.0,100.0
6,68,38.1579,100.0
6,69,11.8421,100.0
6,70,10.5263,100.0
6,71,19.7368,100.0
6,72,9.2105,100.0
6,73,13.1579,100.0
6,74,31.5789,100.0
6,75,0.0,100.0
6,76,13.1579,100.0
6,77,7.8947,100.0
6,78,11.8421,100.0
6,79,13.1579,100.0
6,80,0.0,100.0
6,81,9.2105,100.0
6,82,11.8421,100.0
6,83,17.1053,100.0
6,84,30.2632,100.0
6,85,9.2105,100.0
6,86,5.2632,100.0
6,87,17.1053,100.0
6,88,18.4211,100.0
6,89,1.3158,100.0
6,90,1.3158,100.0
6,91,19.7368,100.0
6,92,3.9474,100.0
6,93,26.3158,100.0
6,94,11.8421,100.0
6,95,17.1053,100.0
6,96,6.5789,100.0
6,97,13.1579,100.0
6,98,42.1053,100.0
6,99,17.1053,100.0
8,0,14.4737,100.0
8,1,11.8421,100.0
8,2,15.7895,100.0
8,3,3.9474,100.0
8,4,10.5263,100.0
8,5,15.7895,100.0
8,6,11.8421,100.0
8,7,32.8947,100.0
8,8,17.1053,100.0
8,9,36.8421,100.0
8,10,73.6842,100.0
8,11,67.1053,100.0
8,12,31.5789,100.0
8,13,23.6842,100.0
8,14,10.5263,100.0
8,15,59.2105,100.0
8,16,32.8947,100.0
8,17,21.0526,100.0
8,18,22.3684,100.0
8,19,11.8421,100.0
8,20,39.4737,100.0
8,21,14.4737,100.0
8,22,26.3158,100.0
8,23,44.7368,100.0
8,24,27.6316,100.0
8,25,40.7895,100.0
8,26,22.3684,100.0
8,27,5.2632,100.0
8,28,9.2105,100.0
8,29,18.4211,100.0
8,30,11.8421,100.0
8,31,40.7895,100.0
8,32,13.1579,100.0
8,33,11.8421,100.0
8,34,23.6842,100.0
8,35,30.2632,100.0
8,36,72.3684,100.0
8,37,6.5789,100.0
8,38,7.8947,100.0
8,39,38.1579,100.0
8,40,2.6316,100.0
8,41,35.5263,100.0
8,42,9.2105,100.0
8,43,9.2105,100.0
8,44,7.8947,100.0
8,45,5.2632,100.0
8,46,6.5789,100.0
8,47,5.2632,100.0
8,48,40.7895,100.0
8,49,17.1053,100.0
8,50,7.8947,100.0
8,51,65.7895,100.0
8,52,10.5263,100.0
8,53,6.5789,100.0
8,54,25.0,100.0
8,55,53.9474,100.0
8,56,21.0526,100.0
8,57,18.4211,100.0
8,58,28.9474,100.0
8,59,9.2105,100.0
8,60,3.9474,100.0
8,61,28.9474,100.0
8,62,43.4211,100.0
8,63,42.1053,100.0
8,64,10.5263,100.0
8,65,17.1053,100.0
8,66,2.6316,100.0
8,67,0.0,100.0
8,68,38.1579,100.0
8,69,17.1053,100.0
8,70,19.7368,100.0
8,71,28.9474,100.0
8,72,15.7895,100.0
8,73,13.1579,100.0
8,74,36.8421,100.0
8,75,5.2632,100.0
8,76,15.7895,100.0
8,77,11.8421,100.0
8,78,11.8421,100.0
8,79,23.6842,100.0
8,80,0.0,100.0
8,81,11.8421,100.0
8,82,19.7368,100.0
8,83,25.0,100.0
8,84,31.5789,100.0
8,85,43.4211,100.0
8,86,63.1579,100.0
8,87,18.4211,100.0
8,88,18.4211,100.0
8,89,6.5789,100.0
8,90,1.3158,100.0
8,91,19.7368,100.0
8,92,3.9474,100.0
8,93,27.6316,100.0
8,94,17.1053,100.0
8,95,17.1053,100.0
8,96,17.1053,100.0
8,97,22.3684,100.0
8,98,47.3684,100.0
8,99,23.6842,100.0
10,0,14.4737,100.0
10,1,11.8421,100.0
10,2,15.7895,100.0
10,3,15.7895,100.0
10,4,15.7895,100.0
10,5,15.7895,100.0
10,6,39.4737,100.0
10,7,40.7895,100.0
10,8,32.8947,100.0
10,9,43.4211,100.0
10,10,73.6842,100.0
10,11,82.8947,100.0
10,12,44.7368,100.0
10,13,25.0,100.0
10,14,10.5263,100.0
10,15,72.3684,100.0
10,16,35.5263,100.0
10,17,31.5789,100.0
10,18,26.3158,100.0
10,19,19.7368,100.0
10,20,40.7895,100.0
10,21,14.4737,100.0
10,22,26.3158,100.0
10,23,52.6316,100.0
10,24,52.6316,100.0
10,25,52.6316,100.0
10,26,31.5789,100.0
10,27,5.2632,100.0
10,28,21.0526,100.0
10,29,40.7895,100.0
10,30,13.1579,100.0
10,31,59.1549,93.3333
10,32,18.4211,100.0
10,33,13.1579,100.0
10,34,23.6842,100.0
10,35,30.2632,100.0
10,36,86.8421,100.0
10,37,6.5789,100.0
10,38,7.8947,100.0
10,39,71.0526,100.0
10,40,6.5789,100.0
10,41,44.7368,100.0
10,42,9.2105,100.0
10,43,14.4737,100.0
10,44,9.2105,100.0
10,45,6.5789,100.0
10,46,9.2105,100.0
10,47,19.7368,100.0
10,48,52.6316,100.0
10,49,27.6316,100.0
10,50,11.8421,100.0
10,51,65.7895,100.0
10,52,10.5263,100.0
10,53,6.5789,100.0
10,54,27.6316,100.0
10,55,71.0526,100.0
10,56,21.0526,100.0
10,57,26.3158,100.0
10,58,28.9474,100.0
10,59,14.4737,100.0
10,60,3.9474,100.0
10,61,28.9474,100.0
10,62,47.3684,100.0
10,63,65.7895,100.0
10,64,10.5263,100.0
10,65,17.1053,100.0
10,66,2.6316,100.0
10,67,0.0,100.0
10,68,40.7895,100.0
10,69,18.4211,100.0
10,70,25.3521,93.3333
10,71,38.1579,100.0
10,72,12.1622,93.3333
10,73,13.1579,100.0
10,74,44.7368,100.0
10,75,5.2632,100.0
10,76,21.0526,100.0
10,77,11.8421,100.0
10,78,13.1579,100.0
10,79,23.6842,100.0
10,80,10.5263,100.0
10,81,17.1053,100.0
10,82,42.1053,100.0
10,83,28.9474,100.0
10,84,34.2105,100.0
10,85,43.4211,100.0
10,86,96.0526,100.0
10,87,25.0,100.0
10,88,27.6316,100.0
10,89,17.1053,100.0
10,90,7.8947,100.0
10,91,19.7368,100.0
10,92,9.2105,100.0
10,93,72.3684,100.0
10,94,22.3684,100.0
10,95,22.3684,100.0
10,96,23.6842,100.0
10,97,44.7368,100.0
10,98,55.2632,100.0
10,99,31.5789,100.0
